{
  "before": {
    "SBP": {
      "MAE": 13.883524479055472,
      "RMSE": 17.474097299131273,
      "pct_within_5": 23.548439268963286,
      "pct_within_10": 43.21526766941614,
      "pct_within_15": 60.81190360666343
    },
    "DBP": {
      "MAE": 9.11849594193757,
      "RMSE": 11.583144094610388,
      "pct_within_5": 34.86980430211871,
      "pct_within_10": 61.798479702409836,
      "pct_within_15": 81.206534044962
    }
  },
  "after": {
    "SBP": {
      "MAE": 12.563988438568115,
      "RMSE": 16.19647769452613,
      "pct_within_5": 27.02571567200388,
      "pct_within_10": 49.021510593562994,
      "pct_within_15": 66.74753355976063
    },
    "DBP": {
      "MAE": 7.58560276764246,
      "RMSE": 10.111224973680315,
      "pct_within_5": 44.428271065825655,
      "pct_within_10": 72.63464337700145,
      "pct_within_15": 87.20685751253437
    }
  },
  "k": 3,
  "mode": "offset"
}