{
  "before": {
    "SBP": {
      "MAE": 13.84955679281902,
      "RMSE": 17.333320440677213,
      "pct_within_5": 22.62655668769206,
      "pct_within_10": 43.26378780527252,
      "pct_within_15": 60.779556849425845
    },
    "DBP": {
      "MAE": 9.01257471631894,
      "RMSE": 11.464097383530378,
      "pct_within_5": 35.22561863173217,
      "pct_within_10": 61.94404010997897,
      "pct_within_15": 81.675562024907
    }
  },
  "after": {
    "SBP": {
      "MAE": 18.848103946564137,
      "RMSE": 33.44479159501197,
      "pct_within_5": 22.432476144266538,
      "pct_within_10": 42.05078440886301,
      "pct_within_15": 58.143296134562505
    },
    "DBP": {
      "MAE": 12.239580036235049,
      "RMSE": 22.521045897231186,
      "pct_within_5": 37.70014556040756,
      "pct_within_10": 61.96021348859777,
      "pct_within_15": 76.79120168203137
    }
  },
  "k": 3,
  "mode": "linear"
}