{
  "SBP": {
    "MAE": 13.922555112880389,
    "RMSE": 17.50133466633193,
    "PearsonR": 0.1737696486509882,
    "BA_mean": -0.09223602561450937,
    "BA_sd": 17.501091612197527,
    "pct_within_5": 23.071324599708877,
    "pct_within_10": 42.99854439592431,
    "pct_within_15": 60.65502183406114
  },
  "DBP": {
    "MAE": 9.153680984741388,
    "RMSE": 11.6522091714827,
    "PearsonR": 0.21120437066385025,
    "BA_mean": -0.9696777068336631,
    "BA_sd": 11.61179158101175,
    "pct_within_5": 34.861717612809315,
    "pct_within_10": 61.77583697234353,
    "pct_within_15": 80.97525473071325
  }
}