{
  "before": {
    "SBP": {
      "MAE": 13.84955679281902,
      "RMSE": 17.333320440677213,
      "pct_within_5": 22.62655668769206,
      "pct_within_10": 43.26378780527252,
      "pct_within_15": 60.779556849425845
    },
    "DBP": {
      "MAE": 9.01257471631894,
      "RMSE": 11.464097383530378,
      "pct_within_5": 35.22561863173217,
      "pct_within_10": 61.94404010997897,
      "pct_within_15": 81.675562024907
    }
  },
  "after": {
    "SBP": {
      "MAE": 12.260909022966198,
      "RMSE": 15.849288049511687,
      "pct_within_5": 27.33300986576096,
      "pct_within_10": 49.97573993207181,
      "pct_within_15": 67.76645641274463
    },
    "DBP": {
      "MAE": 7.316474096015957,
      "RMSE": 9.811327821134878,
      "pct_within_5": 46.094129063561375,
      "pct_within_10": 73.766779880317,
      "pct_within_15": 88.30664725861233
    }
  },
  "k": 3,
  "mode": "offset"
}